,Trading code,LTP,Change %,High,Low,Close,YCP,Change,Trade,Value,Volume
0,1JANATAMF,6.3,-1.56,6.4,6.3,6.3,6.4,-0.1,75,1.6,250749
1,1STPRIMFMF,17.1,-1.72,17.4,17.0,17.1,17.4,-0.3,341,9.32,546325
2,AAMRANET,38.2,-0.26,38.5,37.9,38.2,38.3,-0.1,487,18.29,479364
3,AAMRATECH,34.4,0.58,34.8,34.0,34.4,34.2,0.2,921,54.41,1583033
4,ABB1STMF,5.3,-1.85,5.5,5.2,5.3,5.4,-0.1,237,6.97,1315811
5,ABBANK,10.0,-1.96,10.3,10.0,10.0,10.2,-0.2,276,5.3,524904
6,ACFL,27.3,-3.87,28.9,27.0,27.3,28.4,-1.1,277,6.99,249119
7,ACI,273.9,-1.4,277.0,273.6,273.9,277.8,-3.9,279,10.81,39391
8,ACIFORMULA,155.5,-1.77,159.0,155.0,155.5,158.3,-2.8,466,30.28,193576
9,ACMELAB,87.1,-1.36,89.0,87.0,87.1,88.3,-1.2,480,28.3,323745
10,ACMEPL,43.0,-2.05,45.7,42.3,43.0,43.9,-0.9,2477,92.36,2090257
11,ACTIVEFINE,19.6,-1.5,20.3,19.5,19.7,20.0,-0.3,579,21.43,1076615
12,ADNTEL,59.4,-1.49,61.7,59.1,59.4,60.3,-0.9,201,5.94,98830
13,ADVENT,23.3,-2.92,24.0,23.1,23.3,24.0,-0.7,290,9.41,400031
14,AFCAGRO,23.9,-3.63,25.0,23.7,23.9,24.8,-0.9,217,6.07,253065
15,AFTABAUTO,25.8,-1.15,26.0,25.7,25.8,26.1,-0.3,55,0.83,32036
16,AGNISYSL,23.0,-2.54,23.6,22.8,23.0,23.6,-0.6,586,24.72,1065347
17,AGRANINS,38.7,-0.51,39.2,38.7,38.7,38.9,-0.2,121,1.84,47336
18,AIBL1STIMF,7.3,0.0,7.4,7.3,7.3,7.3,0.0,30,0.59,80306
19,AIL,56.0,2.38,57.8,54.2,56.0,54.7,1.3,1625,82.27,1459480
20,ALARABANK,23.8,0.0,23.8,23.6,23.8,23.8,0.0,52,1.35,56764
21,AL-HAJTEX,133.3,-0.37,134.9,132.2,133.3,133.8,-0.5,439,33.45,250953
22,ALIF,13.6,-2.86,14.0,13.6,13.6,14.0,-0.4,887,38.45,2801025
23,ALLTEX,24.6,-0.4,24.9,24.6,24.6,24.7,-0.1,378,15.88,644902
24,AMANFEED,37.6,4.44,38.5,36.2,37.6,36.0,1.6,2350,89.89,2387621
25,AMBEEPHA,513.1,-1.69,546.0,510.0,513.1,521.9,-8.8,199,3.39,6616
26,AMCL(PRAN),270.2,-1.49,274.9,268.0,270.2,274.3,-4.1,276,7.32,27050
27,ANLIMAYARN,37.3,-0.53,37.6,37.1,37.3,37.5,-0.2,249,6.41,172311
28,ANWARGALV,383.9,-0.03,389.9,383.9,383.9,384.0,-0.1,165,8.09,21062
29,AOL,36.9,-1.08,37.4,36.8,36.8,37.2,-0.4,120,3.55,96012
30,APEXFOODS,170.4,-1.39,174.7,170.4,170.4,172.8,-2.4,220,5.71,33493
31,APEXFOOT,264.5,-2.18,269.6,263.0,264.5,270.4,-5.9,186,5.15,19363
32,APEXSPINN,140.0,3.17,143.9,135.7,140.0,135.7,4.3,578,15.59,112135
33,APEXTANRY,128.7,0.0,128.7,128.7,128.7,128.7,0.0,29,0.93,7222
34,APOLOISPAT,8.2,-1.2,8.3,8.2,8.2,8.3,-0.1,300,8.93,1087660
35,APSCLBOND,5500.0,0.0,5500.0,5500.0,5500.0,5500.0,0.0,1,0.03,5
36,ARAMIT,274.4,-1.22,286.8,273.9,274.4,277.8,-3.4,111,3.0,10898
37,ARAMITCEM,31.4,0.0,31.8,31.4,31.4,31.4,0.0,99,2.44,77753
38,ARGONDENIM,20.0,-4.76,20.9,19.8,20.0,21.0,-1.0,312,7.52,368607
39,ASIAINS,50.3,-2.33,52.7,50.0,50.3,51.5,-1.2,554,13.17,258587
40,ASIAPACINS,44.8,0.22,45.2,44.3,44.7,44.6,0.1,35,0.44,9802
41,ATCSLGF,9.7,-1.02,10.0,9.7,9.7,9.8,-0.1,58,1.29,132417
42,ATLASBANG,104.2,0.0,104.2,104.2,104.2,104.2,0.0,21,0.55,5314
43,AZIZPIPES,97.5,-0.51,98.2,96.0,97.5,98.0,-0.5,98,1.53,15720
44,BANGAS,127.7,-0.08,128.9,127.7,127.7,127.8,-0.1,154,5.35,41917
45,BANKASIA,20.2,0.0,20.2,20.2,20.2,20.2,0.0,9,0.05,2648
46,BARKAPOWER,21.5,-1.83,22.1,21.4,21.5,21.9,-0.4,313,8.19,377423
47,BATASHOE,954.4,-0.26,960.0,950.0,954.4,956.9,-2.5,263,7.2,7530
48,BATBC,520.0,-0.61,523.0,519.7,520.0,523.2,-3.2,1685,83.91,161187
49,BAYLEASING,25.2,-4.55,26.8,25.1,25.2,26.4,-1.2,642,27.71,1072491
50,BBS,22.7,-2.99,23.4,22.4,22.7,23.4,-0.7,740,28.46,1240774
51,BBSCABLES,52.6,-1.31,54.3,52.5,52.6,53.3,-0.7,451,20.91,396566
52,BDAUTOCA,136.2,-0.22,137.0,136.2,136.2,136.5,-0.3,198,6.91,50762
53,BDCOM,30.4,-1.94,31.4,30.3,30.4,31.0,-0.6,977,42.96,1400850
54,BDFINANCE,44.1,-0.23,44.6,44.1,44.1,44.2,-0.1,57,1.93,43785
55,BDLAMPS,254.3,-1.51,258.2,253.4,254.3,258.2,-3.9,243,6.53,25591
56,BDTHAI,18.1,1.69,18.9,17.8,18.1,17.8,0.3,1783,56.49,3064103
57,BDTHAIFOOD,38.3,-6.81,41.3,38.0,38.3,41.1,-2.8,1327,42.92,1079069
58,BDWELDING,22.1,0.0,22.1,22.1,22.1,22.1,0.0,11,0.05,2409
59,BEACHHATCH,41.7,0.0,41.8,41.7,41.7,41.7,0.0,36,1.89,45334
60,BEACONPHAR,245.2,-0.73,250.9,245.0,245.2,247.0,-1.8,99,2.41,9792
61,BENGALWTL,23.2,-3.33,25.0,23.1,23.2,24.0,-0.8,207,7.17,305807
62,BERGERPBL,1785.0,0.99,1803.0,1767.5,1785.0,1767.5,17.5,169,19.91,11125
63,BEXGSUKUK,88.5,-0.56,92.0,88.5,88.5,89.0,-0.5,34,3.63,40971
64,BEXIMCO,118.6,-3.34,122.7,116.7,118.6,122.7,-4.1,4335,665.87,5548648
65,BGIC,38.7,-1.02,39.1,38.7,38.7,39.1,-0.4,35,0.33,8546
66,BIFC,11.5,-5.74,12.5,11.3,11.5,12.2,-0.7,251,4.82,418460
67,BNICL,56.7,-0.7,57.9,56.7,56.7,57.1,-0.4,455,16.24,285925
68,BPML,50.3,-2.14,51.4,50.0,50.3,51.4,-1.1,228,5.69,112755
69,BPPL,29.7,-2.94,30.7,29.6,29.7,30.6,-0.9,335,7.84,262022
70,BRACBANK,39.5,0.77,39.8,38.8,39.5,39.2,0.3,338,52.75,1344274
71,BSC,108.6,-3.04,112.0,108.2,108.6,112.0,-3.4,1171,44.74,408314
72,BSCCL,219.1,-1.17,222.7,218.9,219.1,221.7,-2.6,435,25.54,116181
73,BSRMLTD,90.3,-1.63,92.3,90.2,90.3,91.8,-1.5,119,2.45,26979
74,BSRMSTEEL,64.5,-1.82,66.0,64.5,64.9,66.1,-1.2,122,2.1,32141
75,BXPHARMA,150.9,-3.15,156.9,150.2,150.9,155.8,-4.9,906,90.04,587927
76,BXSYNTH,0.0,0.0,0.0,0.0,0.0,8.4,0.0,0,0.0,0
77,CAPMBDBLMF,10.1,0.0,10.4,10.1,10.1,10.1,0.0,82,2.98,294538
78,CAPMIBBLMF,14.2,0.0,14.2,14.2,14.2,14.2,0.0,97,3.78,266160
79,CENTRALINS,37.4,-0.53,38.4,37.3,37.4,37.6,-0.2,56,1.01,27031
80,CENTRALPHL,12.5,-1.57,12.8,12.5,12.5,12.7,-0.2,212,3.01,239424
81,CITYBANK,21.9,0.0,22.1,21.8,21.9,21.9,0.0,332,17.99,823053
82,CITYGENINS,28.3,-3.08,29.8,28.1,28.3,29.2,-0.9,137,2.14,75034
83,CNATEX,10.2,-1.92,10.4,10.2,10.2,10.4,-0.2,160,17.23,1681863
84,CONFIDCEM,94.5,-0.42,94.5,93.5,93.9,94.3,-0.4,219,5.21,55547
85,CONTININS,32.4,-3.26,34.4,32.3,32.6,33.7,-1.1,81,2.07,63423
86,COPPERTECH,43.0,-4.23,46.4,42.5,43.0,44.9,-1.9,2263,154.59,3440043
87,CROWNCEMNT,74.4,0.0,74.4,74.4,74.4,74.4,0.0,1,0.0,1
88,CRYSTALINS,36.6,-1.61,38.0,36.5,36.6,37.2,-0.6,46,1.27,34578
89,CVOPRL,164.0,-1.86,168.1,163.7,164.0,167.1,-3.1,657,22.07,134116
90,DACCADYE,18.3,-3.17,18.9,18.2,18.3,18.9,-0.6,420,11.51,619559
91,DAFODILCOM,65.8,-0.15,70.0,65.8,65.8,65.9,-0.1,56,0.21,3134
92,DBH,59.0,-1.01,60.3,58.6,59.0,59.6,-0.6,113,3.24,54856
93,DBH1STMF,7.2,-1.37,7.3,7.1,7.2,7.3,-0.1,38,0.18,25836
94,DELTALIFE,141.4,-0.77,147.0,140.5,141.4,142.5,-1.1,2310,122.85,853163
95,DELTASPINN,8.6,-3.37,8.9,8.6,8.6,8.9,-0.3,318,8.62,991695
96,DESCO,37.1,1.89,38.0,37.0,37.7,37.0,0.7,73,0.92,24467
97,DESHBANDHU,19.6,-3.92,20.3,19.5,19.6,20.4,-0.8,472,11.09,557865
98,DGIC,29.6,-1.67,31.0,29.2,29.4,29.9,-0.5,35,0.63,21495
99,DHAKABANK,14.0,0.0,14.1,13.5,14.0,14.0,0.0,136,9.54,681418
100,DHAKAINS,50.0,-0.4,50.4,50.0,50.0,50.2,-0.2,68,1.56,31240
101,DOMINAGE,23.6,1.72,24.4,23.1,23.6,23.2,0.4,939,27.38,1153096
102,DOREENPWR,66.5,-1.63,67.5,66.4,66.5,67.6,-1.1,607,23.48,351958
103,DSHGARME,153.7,-0.32,154.7,150.6,153.7,154.2,-0.5,225,2.57,16842
104,DSSL,17.9,-3.76,18.6,17.8,17.9,18.6,-0.7,929,34.38,1884583
105,DULAMIACOT,71.2,0.14,74.7,71.1,71.2,71.1,0.1,26,1.0,13988
106,DUTCHBANGL,64.1,-0.16,65.1,63.3,64.1,64.2,-0.1,125,3.01,47149
107,EASTERNINS,52.7,-2.77,54.8,52.5,52.7,54.2,-1.5,219,5.66,107219
108,EASTLAND,26.0,-2.6,28.1,26.0,26.2,26.9,-0.7,112,1.81,68652
109,EASTRNLUB,1856.3,-0.01,1868.0,1856.3,1856.7,1856.8,-0.1,200,6.65,3580
110,EBL,32.5,-0.31,32.8,32.0,32.2,32.3,-0.1,108,8.36,258326
111,EBL1STMF,7.4,0.0,7.4,7.4,7.4,7.4,0.0,35,0.55,74248
112,EBLNRBMF,7.0,-2.78,7.2,7.0,7.0,7.2,-0.2,251,22.02,3115936
113,ECABLES,181.6,-0.33,185.7,181.3,181.6,182.2,-0.6,518,17.87,98232
114,EGEN,45.3,-0.66,45.9,45.2,45.5,45.8,-0.3,70,2.2,48478
115,EHL,56.8,-4.22,59.3,56.6,56.8,59.3,-2.5,778,36.98,640370
116,EIL,28.4,0.0,28.9,28.3,28.4,28.4,0.0,197,6.05,212082
117,EMERALDOIL,38.0,-1.04,39.0,37.8,38.0,38.4,-0.4,324,12.47,324215
118,ENVOYTEX,45.1,-2.8,47.4,44.3,45.1,46.4,-1.3,345,8.62,188062
119,EPGL,35.2,-3.3,36.5,34.8,35.2,36.4,-1.2,394,11.77,329480
120,ESQUIRENIT,36.1,-4.75,38.3,35.9,36.1,37.9,-1.8,687,24.78,674665
121,ETL,9.8,-3.92,10.4,9.8,9.8,10.2,-0.4,130,2.51,251973
122,EXIM1STMF,6.0,-1.64,6.1,6.0,6.0,6.1,-0.1,42,1.94,320367
123,EXIMBANK,10.6,-0.93,10.8,10.6,10.7,10.8,-0.1,142,2.77,258662
124,FAMILYTEX,4.9,0.0,4.9,4.9,4.9,4.9,0.0,16,0.08,16151
125,FARCHEM,11.5,-1.71,11.7,11.4,11.5,11.7,-0.2,302,8.91,772790
126,FAREASTFIN,6.4,1.59,6.7,5.9,6.4,6.3,0.1,71,1.41,221779
127,FAREASTLIF,75.0,0.0,75.0,75.0,75.0,75.0,0.0,83,13.69,182540
128,FASFIN,6.0,-4.76,6.4,5.9,6.0,6.3,-0.3,663,17.99,2931380
129,FBFIF,5.2,-1.89,5.3,5.1,5.2,5.3,-0.1,116,4.71,907239
130,FEDERALINS,26.3,-1.5,27.1,26.2,26.3,26.7,-0.4,165,1.51,57254
131,FEKDIL,18.4,-5.64,19.7,18.2,18.4,19.5,-1.1,634,21.48,1149974
132,FINEFOODS,44.3,0.0,44.3,44.3,44.3,44.3,0.0,59,3.13,70646
133,FIRSTFIN,5.7,-5.0,6.0,5.6,5.7,6.0,-0.3,80,1.04,180586
134,FIRSTSBANK,10.1,-0.98,10.2,10.0,10.1,10.2,-0.1,307,8.99,890241
135,FORTUNE,79.5,0.0,79.5,79.5,79.5,79.5,0.0,31,0.4,5076
136,FUWANGCER,17.8,-2.2,18.4,17.6,17.8,18.2,-0.4,491,15.29,848626
137,FUWANGFOOD,23.5,-2.08,24.3,23.5,23.5,24.0,-0.5,1213,71.97,3015799
138,GBBPOWER,19.8,-1.49,20.3,19.8,19.8,20.1,-0.3,302,11.84,595793
139,GEMINISEA,316.4,-0.03,319.9,316.4,316.4,316.5,-0.1,476,11.5,36315
140,GENEXIL,68.0,0.0,68.8,68.0,68.0,68.0,0.0,790,36.76,540129
141,GENNEXT,6.3,0.0,6.4,6.2,6.3,6.3,0.0,200,7.88,1252078
142,GHAIL,17.9,-1.65,18.5,17.9,17.9,18.2,-0.3,356,11.2,615724
143,GHCL,38.2,-6.6,41.1,38.0,38.2,40.9,-2.7,341,8.09,206102
144,GLOBALINS,34.0,-3.13,35.4,33.8,34.0,35.1,-1.1,179,3.19,92674
145,GOLDENSON,18.6,-5.1,19.7,18.5,18.6,19.6,-1.0,820,28.81,1522844
146,GP,0.0,0.0,0.0,0.0,0.0,302.7,0.0,0,0.0,0
147,GPHISPAT,47.7,-2.05,49.0,47.4,47.7,48.7,-1.0,833,28.67,597868
148,GQBALLPEN,103.0,-1.62,106.0,102.8,103.0,104.7,-1.7,129,2.7,26204
149,GRAMEENS2,15.7,-0.63,15.8,15.6,15.7,15.8,-0.1,56,1.9,120603
150,GREENDELMF,7.1,-1.39,7.2,7.1,7.1,7.2,-0.1,48,0.62,86906
151,GREENDELT,68.1,-1.02,68.8,67.5,68.1,68.8,-0.7,40,1.67,24511
152,GSPFINANCE,32.6,0.0,32.6,32.6,32.6,32.6,0.0,15,1.25,38273
153,HAKKANIPUL,58.9,0.68,60.0,58.4,58.9,58.5,0.4,198,5.27,89579
154,HEIDELBCEM,179.3,-2.73,187.8,179.1,181.6,186.7,-5.1,61,0.76,4114
155,HFL,23.1,-4.94,24.5,22.9,23.1,24.3,-1.2,765,22.21,940760
156,HRTEX,127.5,0.0,129.1,127.5,127.5,127.5,0.0,214,26.78,210019
157,HWAWELLTEX,54.2,-4.75,57.6,53.6,54.2,56.9,-2.7,367,12.01,217017
158,IBNSINA,299.2,-1.03,306.0,299.0,299.2,302.3,-3.1,329,11.82,39181
159,IBP,17.9,-1.65,18.4,17.8,17.9,18.2,-0.3,400,21.58,1194623
160,ICB,95.3,-0.83,97.5,95.1,95.3,96.1,-0.8,111,1.11,11644
161,ICB3RDNRB,6.7,0.0,6.8,6.7,6.7,6.7,0.0,30,0.79,118140
162,ICBAGRANI1,9.2,0.0,9.2,9.2,9.2,9.2,0.0,13,0.5,54737
163,ICBAMCL2ND,8.9,0.0,9.1,8.8,8.9,8.9,0.0,96,2.6,288936
164,ICBEPMF1S1,7.1,0.0,7.2,7.1,7.1,7.1,0.0,8,0.18,25218
165,ICBIBANK,5.4,-3.57,5.7,5.4,5.4,5.6,-0.2,324,13.71,2527567
166,ICBSONALI1,8.0,-1.23,8.1,8.0,8.0,8.1,-0.1,20,0.1,12887
167,IDLC,46.9,-1.47,47.8,46.8,46.9,47.6,-0.7,166,3.27,69240
168,IFADAUTOS,47.1,-1.88,49.0,46.6,47.1,48.0,-0.9,146,4.51,94896
169,IFIC,11.9,-2.46,12.1,11.8,11.9,12.2,-0.3,727,24.68,2062267
170,IFIC1STMF,5.2,-3.7,5.4,5.2,5.2,5.4,-0.2,148,6.96,1313967
171,IFILISLMF1,6.6,0.0,6.6,6.4,6.6,6.6,0.0,17,0.07,11332
172,ILFSL,6.3,-5.97,6.8,6.2,6.3,6.7,-0.4,339,8.04,1239025
173,IMAMBUTTON,126.6,0.0,126.6,126.6,126.6,126.6,0.0,5,0.13,1034
174,INDEXAGRO,105.7,-0.93,108.7,105.5,106.4,107.4,-1.0,415,12.18,114716
175,INTECH,30.4,0.0,30.5,30.4,30.4,30.4,0.0,65,1.47,48418
176,INTRACO,36.7,-4.68,38.7,36.0,36.7,38.5,-1.8,2824,258.83,6960351
177,IPDC,57.6,0.0,58.0,57.6,57.6,57.6,0.0,169,31.45,545669
178,ISLAMIBANK,32.6,0.0,32.6,32.6,32.6,32.6,0.0,72,6.13,187888
179,ISLAMICFIN,20.8,-2.8,21.8,20.6,20.8,21.4,-0.6,254,5.74,273432
180,ISLAMIINS,40.9,-1.92,41.7,40.8,40.9,41.7,-0.8,103,2.72,66293
181,ISNLTD,54.2,0.0,54.2,54.2,54.2,54.2,0.0,21,1.1,20261
182,ITC,33.6,0.0,34.0,33.3,33.6,33.6,0.0,136,2.4,71426
183,JAMUNABANK,21.8,-0.91,22.2,21.7,21.8,22.0,-0.2,56,3.86,176699
184,JAMUNAOIL,170.0,-1.73,179.5,169.1,170.8,173.8,-3.0,91,2.98,17388
185,JANATAINS,30.0,-2.91,31.5,29.8,30.0,30.9,-0.9,118,1.55,51187
186,JHRML,71.8,-1.37,74.0,71.3,71.8,72.8,-1.0,1619,55.61,766909
187,JMISMDL,312.9,-2.25,321.4,310.2,312.9,320.1,-7.2,320,6.82,21595
188,JUTESPINN,190.8,9.4,191.8,173.6,190.8,174.4,16.4,453,8.92,47969
189,KARNAPHULI,30.0,-0.99,31.6,29.8,30.0,30.3,-0.3,109,1.84,61276
190,KAY&QUE,247.6,-0.25,248.6,242.3,243.6,244.2,-0.6,301,6.56,27003
191,KBPPWBIL,13.9,0.0,14.0,13.8,13.9,13.9,0.0,412,13.45,967642
192,KDSALTD,81.1,-1.82,82.5,79.1,81.1,82.6,-1.5,1413,98.95,1225205
193,KEYACOSMET,6.5,-1.52,6.6,6.4,6.5,6.6,-0.1,409,12.12,1858722
194,KOHINOOR,395.9,-2.97,406.0,395.4,395.9,408.0,-12.1,198,3.75,9415
195,KPCL,26.6,0.0,26.8,26.6,26.6,26.6,0.0,180,4.4,165475
196,KPPL,9.7,-1.02,10.0,9.4,9.7,9.8,-0.1,237,4.13,429256
197,KTL,24.3,-5.08,25.4,24.1,24.3,25.6,-1.3,1466,62.63,2530905
198,LANKABAFIN,26.2,-2.24,26.7,26.1,26.2,26.8,-0.6,567,21.05,799729
199,LEGACYFOOT,58.7,-1.01,59.8,58.7,58.7,59.3,-0.6,119,2.87,48766
200,LHBL,69.9,-3.19,72.3,69.0,69.9,72.2,-2.3,1510,124.58,1761390
201,LIBRAINFU,883.6,-0.08,895.0,883.6,883.7,884.4,-0.7,72,1.89,2134
202,LINDEBD,1398.5,0.01,1413.9,1397.7,1398.5,1398.4,0.1,321,17.58,12516
203,LOVELLO,40.3,-1.95,41.4,40.1,40.3,41.1,-0.8,719,30.86,753666
204,LRBDL,35.4,-3.01,36.5,35.3,35.4,36.5,-1.1,552,18.32,512789
205,LRGLOBMF1,6.4,0.0,6.5,6.4,6.4,6.4,0.0,65,1.62,253455
206,MAKSONSPIN,24.3,-5.81,26.0,24.1,24.3,25.8,-1.5,2126,98.68,3947138
207,MALEKSPIN,35.4,-4.07,37.7,34.6,35.4,36.9,-1.5,2922,264.24,7220188
208,MARICO,2473.0,0.38,2505.0,2465.0,2473.0,2463.6,9.4,150,19.87,7975
209,MATINSPINN,78.2,-0.76,80.4,78.0,78.2,78.8,-0.6,1177,68.75,875318
210,MBL1STMF,6.6,0.0,6.6,6.6,6.6,6.6,0.0,13,0.08,11300
211,MEGCONMILK,42.0,0.0,42.0,42.0,42.0,42.0,0.0,3,0.01,141
212,MEGHNACEM,69.3,-2.94,70.0,69.3,69.4,71.5,-2.1,33,0.31,4500
213,MEGHNAINS,44.8,0.0,44.8,44.8,44.8,44.8,0.0,42,0.38,8525
214,MEGHNALIFE,63.1,-1.71,65.4,62.5,63.1,64.2,-1.1,92,1.55,24624
215,MEGHNAPET,40.7,0.0,40.7,40.7,40.7,40.7,0.0,1,0.0,1
216,MERCANBANK,13.9,-3.47,14.5,13.8,13.9,14.4,-0.5,256,18.59,1320815
217,MERCINS,32.8,-1.82,34.4,32.3,32.4,33.0,-0.6,58,1.42,43443
218,METROSPIN,25.6,-4.83,26.7,25.4,25.6,26.9,-1.3,647,22.39,864246
219,MHSML,29.4,-7.55,31.9,28.9,29.4,31.8,-2.4,663,24.88,816989
220,MIDASFIN,13.8,-2.82,14.2,13.7,13.8,14.2,-0.4,91,1.48,106101
221,MIRACLEIND,34.0,0.0,34.0,34.0,34.0,34.0,0.0,16,0.46,13390
222,MIRAKHTER,51.0,-2.11,52.1,50.9,51.0,52.1,-1.1,148,3.1,60389
223,MITHUNKNIT,18.8,0.0,18.8,18.8,18.8,18.8,0.0,9,0.17,8900
224,MJLBD,86.8,-1.47,88.5,86.7,87.1,88.4,-1.3,227,3.94,45256
225,MLDYEING,24.8,0.0,24.8,24.8,24.8,24.8,0.0,20,0.51,20426
226,MONNOAGML,469.5,-0.49,470.9,469.2,469.5,471.8,-2.3,156,3.39,7219
227,MONNOCERA,97.9,-0.2,98.5,97.9,97.9,98.1,-0.2,164,3.69,37676
228,MONNOFABR,24.1,-0.41,24.3,24.1,24.1,24.2,-0.1,580,25.18,1042530
229,MONOSPOOL,145.8,-3.44,150.0,145.4,145.8,151.0,-5.2,393,6.55,44482
230,MPETROLEUM,199.5,-2.06,204.1,198.7,199.9,204.1,-4.2,146,8.35,41587
231,MTB,17.0,0.59,17.4,16.9,17.0,16.9,0.1,21,0.45,26638
232,NAHEEACP,66.1,-0.3,67.0,65.6,66.1,66.3,-0.2,222,11.66,176860
233,NATLIFEINS,179.0,0.0,179.0,179.0,179.0,179.0,0.0,1,0.0,1
234,NAVANACNG,27.0,-3.55,28.2,27.0,27.2,28.2,-1.0,75,1.07,39050
235,NBL,8.3,0.0,8.3,8.3,8.3,8.3,0.0,20,0.75,89883
236,NCCBANK,13.9,0.0,14.0,13.8,13.9,13.9,0.0,191,9.69,696374
237,NCCBLMF1,7.0,0.0,7.0,6.9,6.9,6.9,0.0,11,0.4,57245
238,NEWLINE,0.0,0.0,0.0,0.0,0.0,45.1,0.0,0,0.0,0
239,NFML,17.1,-1.72,17.5,17.0,17.1,17.4,-0.3,211,4.13,239744
240,NHFIL,43.3,-3.35,44.7,43.2,43.3,44.8,-1.5,423,12.93,295657
241,NITOLINS,42.9,0.0,42.9,42.9,42.9,42.9,0.0,33,1.28,29751
242,NLI1STMF,0.0,0.0,0.0,0.0,0.0,14.4,0.0,0,0.0,0
243,NORTHERN,227.0,-0.39,227.5,227.0,227.0,227.9,-0.9,80,0.85,3739
244,NORTHRNINS,41.2,0.0,41.2,41.2,41.2,41.2,0.0,39,0.48,11618
245,NPOLYMER,52.2,-1.32,53.0,52.1,52.2,52.9,-0.7,270,14.69,279541
246,NRBCBANK,17.6,-1.12,17.8,17.6,17.6,17.8,-0.2,389,16.48,933670
247,NTC,610.0,-0.99,616.1,600.2,610.0,616.1,-6.1,322,5.89,9649
248,NTLTUBES,79.5,-0.13,79.9,79.5,79.5,79.6,-0.1,221,3.82,48066
249,NURANI,7.2,-2.7,7.4,7.1,7.2,7.4,-0.2,225,4.24,586521
250,OAL,11.2,-1.74,11.6,11.2,11.3,11.5,-0.2,264,6.49,575135
251,OIMEX,18.9,-1.56,19.4,18.9,18.9,19.2,-0.3,171,4.87,254827
252,OLYMPIC,129.1,-2.86,135.8,128.1,129.1,132.9,-3.8,3014,145.07,1100148
253,ONEBANKLTD,10.2,-1.92,10.4,10.2,10.2,10.4,-0.2,124,4.25,413797
254,ORIONINFU,133.7,-0.15,135.7,132.6,133.7,133.9,-0.2,1752,115.56,862063
255,ORIONPHARM,84.6,-5.47,89.8,83.6,84.6,89.5,-4.9,1918,100.2,1160517
256,PADMALIFE,47.1,0.0,47.5,46.3,47.1,47.1,0.0,183,5.17,109733
257,PADMAOIL,209.6,-1.59,213.0,209.2,210.3,213.7,-3.4,99,2.38,11334
258,PAPERPROC,175.5,-3.89,182.0,174.3,175.5,182.6,-7.1,1120,31.67,177818
259,PARAMOUNT,47.2,-2.48,50.4,47.0,47.1,48.3,-1.2,127,2.19,46348
260,PDL,12.2,-5.43,12.8,12.1,12.2,12.9,-0.7,967,29.71,2409210
261,PENINSULA,30.8,-4.05,32.2,30.7,30.8,32.1,-1.3,876,39.63,1263700
262,PEOPLESINS,37.9,-0.26,38.2,37.9,37.9,38.0,-0.1,150,4.51,118935
263,PF1STMF,10.6,0.0,10.7,10.6,10.6,10.6,0.0,50,1.1,103558
264,PHARMAID,795.9,-0.21,820.0,795.0,795.9,797.6,-1.7,453,16.53,20672
265,PHENIXINS,39.1,-0.51,40.0,39.1,39.1,39.3,-0.2,41,0.86,21803
266,PHOENIXFIN,17.9,-4.79,18.9,17.5,17.9,18.8,-0.9,278,7.87,430387
267,PHPMF1,5.3,-1.85,5.4,5.3,5.3,5.4,-0.1,138,2.04,384865
268,PIONEERINS,71.6,-0.14,72.0,71.5,71.6,71.7,-0.1,217,7.43,103851
269,POPULAR1MF,5.2,-1.89,5.4,5.2,5.2,5.3,-0.1,79,6.05,1146961
270,POPULARLIF,69.4,-0.86,71.6,69.0,69.4,70.0,-0.6,378,9.27,131918
271,POWERGRID,52.4,-0.57,53.0,52.4,52.4,52.7,-0.3,600,44.35,845700
272,PRAGATIINS,59.6,0.17,60.4,59.4,59.6,59.5,0.1,86,1.21,20199
273,PRAGATILIF,70.4,-0.85,75.0,70.4,70.4,71.0,-0.6,90,2.49,34395
274,PREMIERBAN,13.1,-2.96,13.5,13.0,13.1,13.5,-0.4,292,16.43,1237252
275,PREMIERCEM,44.9,-1.32,46.0,44.8,44.9,45.5,-0.6,251,7.1,156473
276,PREMIERLEA,7.3,-5.19,7.8,7.1,7.3,7.7,-0.4,218,4.66,624014
277,PRIME1ICBA,7.7,0.0,7.8,7.7,7.7,7.7,0.0,6,0.22,28423
278,PRIMEBANK,18.9,-2.07,19.4,18.9,18.9,19.3,-0.4,97,1.97,103885
279,PRIMEFIN,12.2,-4.69,12.8,12.1,12.2,12.8,-0.6,563,20.37,1646765
280,PRIMEINSUR,82.8,0.0,82.8,82.8,82.8,82.8,0.0,5,0.92,11065
281,PRIMELIFE,54.7,-0.55,55.9,54.7,54.7,55.0,-0.3,55,1.28,23344
282,PRIMETEX,41.2,0.0,41.2,41.2,41.2,41.2,0.0,29,0.68,16453
283,PROGRESLIF,0.0,0.0,0.0,0.0,0.0,77.4,0.0,0,0.0,0
284,PROVATIINS,58.9,-0.34,59.6,58.9,58.9,59.1,-0.2,656,19.59,331849
285,PTL,77.0,0.0,77.4,77.0,77.0,77.0,0.0,82,5.04,65403
286,PUBALIBANK,26.2,-0.38,26.5,26.1,26.1,26.2,-0.1,26,0.11,4023
287,PURABIGEN,26.9,-1.46,27.8,26.9,27.0,27.4,-0.4,76,1.3,48101
288,QUASEMIND,58.4,-0.68,59.3,58.4,58.4,58.8,-0.4,397,21.41,365857
289,QUEENSOUTH,26.0,-5.45,27.7,25.8,26.0,27.5,-1.5,2013,94.09,3518591
290,RAHIMAFOOD,237.7,-0.08,238.8,237.7,237.7,237.9,-0.2,176,6.27,26360
291,RAHIMTEXT,215.5,-1.06,217.8,215.3,215.7,218.0,-2.3,63,0.72,3334
292,RAKCERAMIC,43.2,-1.82,44.3,43.1,43.2,44.0,-0.8,662,26.05,598819
293,RANFOUNDRY,162.7,-0.25,163.5,162.2,162.7,163.1,-0.4,116,2.05,12558
294,RDFOOD,40.3,-3.82,42.0,40.0,40.3,41.9,-1.6,660,31.64,777787
295,RECKITTBEN,4855.8,-0.12,4856.2,4840.1,4850.4,4856.2,-5.8,41,0.71,146
296,REGENTTEX,10.2,-5.56,10.6,10.1,10.2,10.8,-0.6,341,10.36,1006995
297,RELIANCE1,11.0,0.0,11.1,11.0,11.0,11.0,0.0,15,1.91,173798
298,RELIANCINS,56.4,-0.88,59.9,56.4,56.5,57.0,-0.5,49,0.92,16232
299,RENATA,1303.2,-0.1,1310.0,1303.2,1303.2,1304.5,-1.3,252,11.74,9004
300,RENWICKJA,981.6,-0.53,986.0,981.1,981.5,986.7,-5.2,41,0.68,695
301,REPUBLIC,37.5,-1.33,38.0,36.7,37.0,37.5,-0.5,70,1.08,29172
302,RINGSHINE,9.8,-2.0,10.0,9.8,9.8,10.0,-0.2,670,29.21,2956989
303,RNSPIN,6.3,1.59,6.5,6.3,6.4,6.3,0.1,135,1.64,257229
304,ROBI,30.0,0.0,30.0,30.0,30.0,30.0,0.0,131,6.05,201782
305,RSRMSTEEL,17.0,0.0,17.2,17.0,17.0,17.0,0.0,111,2.16,126854
306,RUNNERAUTO,48.8,0.0,49.9,48.7,48.8,48.8,0.0,108,3.44,70481
307,RUPALIBANK,26.2,-1.87,26.5,26.1,26.2,26.7,-0.5,49,0.74,28305
308,RUPALIINS,28.5,-3.39,29.5,27.6,28.5,29.5,-1.0,92,1.08,37702
309,RUPALILIFE,63.2,-1.4,67.0,63.1,63.2,64.1,-0.9,134,4.3,67847
310,SAFKOSPINN,28.3,-2.75,29.2,28.2,28.3,29.1,-0.8,681,28.99,1017146
311,SAIFPOWER,31.2,-2.5,32.4,30.9,31.2,32.0,-0.8,821,39.9,1259953
312,SAIHAMCOT,17.0,-3.95,17.7,16.9,17.0,17.7,-0.7,524,18.79,1095364
313,SAIHAMTEX,24.7,-4.26,25.9,24.6,24.7,25.8,-1.1,693,29.7,1178806
314,SALAMCRST,35.6,5.01,36.4,34.3,35.6,33.9,1.7,955,35.65,996252
315,SALVOCHEM,63.3,-4.52,67.9,63.0,63.3,66.3,-3.0,963,50.15,780336
316,SAMATALETH,70.5,-0.14,71.9,70.5,70.5,70.6,-0.1,97,2.08,29501
317,SAMORITA,72.1,-1.23,73.4,72.0,72.1,73.0,-0.9,274,6.72,92979
318,SANDHANINS,27.0,-2.17,29.2,27.0,27.1,27.7,-0.6,150,2.78,101836
319,SAPORTL,29.4,-3.29,30.9,29.1,29.4,30.4,-1.0,725,25.98,862328
320,SAVAREFR,264.9,-1.16,268.9,262.0,264.9,268.0,-3.1,27,0.53,2005
321,SBACBANK,10.7,-0.93,10.9,10.6,10.7,10.8,-0.1,360,3.72,347936
322,SEAPEARL,55.6,-1.42,59.0,54.9,55.6,56.4,-0.8,2697,269.64,4783180
323,SEMLFBSLGF,8.8,0.0,8.9,8.7,8.8,8.8,0.0,103,4.81,548418
324,SEMLIBBLSF,8.6,-1.14,8.8,8.6,8.7,8.8,-0.1,54,0.64,74084
325,SEMLLECMF,9.1,-1.09,9.4,9.1,9.1,9.2,-0.1,68,1.93,211763
326,SHAHJABANK,19.0,0.0,19.2,18.9,19.0,19.0,0.0,58,3.37,178006
327,SHASHADNIM,28.9,-5.25,30.6,28.6,28.9,30.5,-1.6,699,36.77,1252034
328,SHEPHERD,26.4,-5.04,28.0,25.9,26.4,27.8,-1.4,465,20.42,754235
329,SHURWID,20.7,5.08,21.3,19.6,20.7,19.7,1.0,2042,85.0,4129655
330,SHYAMPSUG,98.2,0.0,98.2,98.2,98.2,98.2,0.0,12,0.14,1385
331,SIBL,12.4,-0.8,12.6,12.4,12.4,12.5,-0.1,93,0.6,48247
332,SILCOPHL,24.4,-3.17,25.3,24.2,24.4,25.2,-0.8,292,9.47,383223
333,SILVAPHL,22.0,-3.51,22.9,21.9,22.0,22.8,-0.8,286,15.07,679187
334,SIMTEX,19.0,-6.86,20.7,18.8,19.0,20.4,-1.4,831,28.6,1457545
335,SINGERBD,152.0,-0.33,154.9,151.9,152.3,152.8,-0.5,154,5.74,37531
336,SINOBANGLA,57.4,3.05,58.2,55.1,57.4,55.7,1.7,1223,50.87,895753
337,SKICL,47.2,-1.46,48.7,47.1,47.2,47.9,-0.7,396,2.57,53627
338,SKTRIMS,27.3,-6.51,29.2,27.0,27.3,29.2,-1.9,660,19.31,687355
339,SONALIANSH,442.2,-1.05,446.4,442.0,442.2,446.9,-4.7,95,0.65,1454
340,SONALILIFE,55.4,-0.89,56.5,55.1,55.4,55.9,-0.5,331,6.96,124403
341,SONALIPAPR,677.2,1.14,681.0,665.0,677.2,669.6,7.6,2321,289.17,428175
342,SONARBAINS,51.9,-2.44,54.0,51.4,51.9,53.2,-1.3,259,5.54,106159
343,SONARGAON,61.4,-6.97,68.0,59.5,61.4,66.0,-4.6,1629,70.01,1099646
344,SOUTHEASTB,13.9,0.72,14.0,13.8,13.9,13.8,0.1,180,16.15,1161804
345,SPCERAMICS,43.7,-2.24,45.5,43.4,43.7,44.7,-1.0,1725,106.12,2382112
346,SPCL,69.2,-2.39,72.0,69.1,69.4,71.1,-1.7,176,2.87,41167
347,SQUARETEXT,68.0,-2.72,70.0,67.8,68.0,69.9,-1.9,796,35.84,522690
348,SQURPHARMA,213.1,-0.19,215.0,211.3,213.1,213.5,-0.4,656,27.53,129413
349,SSSTEEL,16.8,-2.33,17.3,16.8,16.8,17.2,-0.4,574,16.54,974705
350,STANCERAM,147.0,0.0,147.0,147.0,147.0,147.0,0.0,17,0.22,1471
351,STANDARINS,49.2,0.0,49.2,49.2,49.2,49.2,0.0,2,0.01,100
352,STANDBANKL,8.8,0.0,8.9,8.8,8.8,8.8,0.0,46,1.47,166955
353,STYLECRAFT,105.5,-0.66,107.2,105.5,105.6,106.3,-0.7,349,6.11,57724
354,SUMITPOWER,34.4,0.0,34.7,34.2,34.4,34.4,0.0,200,4.92,143146
355,SUNLIFEINS,64.8,-1.22,65.7,63.9,64.8,65.6,-0.8,531,33.38,516485
356,TAKAFULINS,48.0,-0.62,49.3,47.5,47.8,48.1,-0.3,85,1.52,31918
357,TALLUSPIN,10.3,0.0,10.4,10.3,10.3,10.3,0.0,135,1.82,176357
358,TAMIJTEX,189.2,-2.97,196.1,188.2,189.2,195.0,-5.8,272,5.35,28061
359,TITASGAS,41.1,-0.96,41.6,40.9,41.1,41.5,-0.4,993,74.61,1820146
360,TOSRIFA,25.3,-5.24,27.2,24.9,25.3,26.7,-1.4,709,29.04,1110171
361,TRUSTB1MF,5.8,-3.33,6.0,5.8,5.8,6.0,-0.2,134,4.24,718443
362,TRUSTBANK,35.5,0.85,36.0,35.2,35.6,35.3,0.3,69,4.11,116027
363,TUNGHAI,5.8,-4.84,6.2,5.8,5.9,6.2,-0.3,108,1.31,221532
364,UCB,13.2,-0.75,13.5,13.1,13.2,13.3,-0.1,128,2.24,168738
365,UNILEVERCL,2881.8,0.72,2885.0,2870.1,2881.8,2861.1,20.7,91,2.95,1023
366,UNIONBANK,9.3,-1.06,9.5,9.3,9.3,9.4,-0.1,753,13.44,1440313
367,UNIONCAP,8.9,-1.11,9.2,8.7,8.9,9.0,-0.1,315,10.52,1182870
368,UNIONINS,33.4,-2.34,34.5,33.2,33.4,34.2,-0.8,413,5.24,155227
369,UNIQUEHRL,55.9,-3.95,58.2,55.7,55.9,58.2,-2.3,479,22.27,392912
370,UNITEDFIN,16.3,-2.4,16.7,16.2,16.3,16.7,-0.4,88,1.84,112888
371,UNITEDINS,46.5,0.0,47.4,46.5,46.5,46.5,0.0,51,1.81,38957
372,UPGDCL,235.2,-0.72,239.9,233.9,234.9,236.6,-1.7,126,3.06,12993
373,USMANIAGL,74.6,0.0,74.6,74.6,74.6,74.6,0.0,8,0.09,1225
374,UTTARABANK,23.9,-0.83,24.3,23.9,23.9,24.1,-0.2,181,8.81,367701
375,UTTARAFIN,33.8,-2.03,34.8,33.8,33.8,34.5,-0.7,52,1.2,35282
376,VAMLBDMF1,7.4,0.0,7.4,7.3,7.3,7.3,0.0,11,0.18,24951
377,VAMLRBBF,7.4,0.0,7.4,7.4,7.4,7.4,0.0,4,0.02,2000
378,VFSTDL,22.9,-4.58,23.9,22.6,22.9,24.0,-1.1,850,38.45,1650671
379,WALTONHIL,1058.1,-1.73,1083.0,1058.0,1058.5,1077.1,-18.6,318,9.19,8609
380,WATACHEM,209.3,-2.65,214.0,209.1,209.3,215.0,-5.7,127,1.61,7692
381,WMSHIPYARD,11.1,-0.89,11.3,11.0,11.1,11.2,-0.1,236,3.52,317011
382,YPL,19.3,-1.53,19.7,19.2,19.3,19.6,-0.3,451,25.52,1316121
383,ZAHEENSPIN,12.8,0.0,12.8,12.8,12.8,12.8,0.0,31,1.3,101242
384,ZAHINTEX,9.0,-1.1,9.1,9.0,9.0,9.1,-0.1,175,5.59,620938
385,ZEALBANGLA,174.2,0.0,174.2,174.2,174.2,174.2,0.0,8,0.36,2062
